Player Name,Metric,Projected Value,Best Bet,Bookmaker,Odds,Point Line,Difference,Projection Aligns,Confidence
Bogdan Bogdanovic,Points Rebounds Assists,15.100000000000001,Under,DraftKings,-110,25.5,10.399999999999999,Yes,68.9%
Daniel Gafford,Points Rebounds Assists,15.7,Under,BetOnline.ag,-119,24.5,8.8,Yes,56.1%
Dyson Daniels,Points Rebounds Assists,20.700000000000003,Under,FanDuel,-106,28.5,7.799999999999997,Yes,37.7%
Paolo Banchero,Points Rebounds Assists,42.800000000000004,Over,BetMGM,-105,35.5,7.300000000000004,Yes,17.1%
Bogdan Bogdanovic,Points,10.5,Under,BetRivers,108,17.5,7.0,Yes,66.7%
Cole Anthony,Points Rebounds Assists,19.8,Under,FanDuel,-106,26.5,6.699999999999999,Yes,33.8%
Jericho Sims,Points Rebounds Assists,4.8999999999999995,Under,Caesars,100,11.5,6.6000000000000005,Yes,134.7%
Vit Krejci,Points Rebounds Assists,15.0,Under,Caesars,-106,21.5,6.5,Yes,43.3%
Spencer Dinwiddie,Points Rebounds Assists,19.0,Under,FanDuel,-113,25.5,6.5,Yes,34.2%
Spencer Dinwiddie,Points,11.4,Under,BetMGM,-125,16.5,5.1,Yes,44.7%
David Roddy,Points,5.5,Under,FanDuel,-132,10.5,5.0,Yes,90.9%
Aaron Gordon,Points Rebounds Assists,19.5,Over,Caesars,-109,14.5,5.0,Yes,25.6%
Dyson Daniels,Points,12.6,Under,BetRivers,-103,17.5,4.9,Yes,38.9%
Keyonte George,Points Rebounds Assists,23.6,Under,BetRivers,-107,28.5,4.899999999999999,Yes,20.8%
Cody Williams,Points Rebounds Assists,8.700000000000001,Under,BetMGM,-110,13.5,4.799999999999999,Yes,55.2%
Clint Capela,Points Rebounds Assists,18.700000000000003,Under,BetMGM,-120,23.5,4.799999999999997,Yes,25.7%
Brice Sensabaugh,Points Rebounds Assists,18.0,Under,Caesars,-109,22.5,4.5,Yes,25.0%
Kawhi Leonard,Points Rebounds Assists,13.3,Under,BetMGM,105,17.5,4.199999999999999,Yes,31.6%
Garrison Mathews,Points,9.4,Under,FanDuel,-110,13.5,4.1,Yes,43.6%
Trayce Jackson-Davis,Points Rebounds Assists,17.400000000000002,Under,Caesars,-109,21.5,4.099999999999998,Yes,23.6%
Mikal Bridges,Points Rebounds Assists,21.5,Under,BetOnline.ag,-106,25.5,4.0,Yes,18.6%
Aaron Gordon,Points,12.4,Over,FanDuel,-105,8.5,3.9000000000000004,Yes,31.5%
Ja Morant,Points Rebounds Assists,31.6,Under,FanDuel,-104,35.5,3.8999999999999986,Yes,12.3%
Precious Achiuwa,Points Rebounds Assists,9.7,Under,BetMGM,120,13.5,3.8000000000000007,Yes,39.2%
Daniel Gafford,Points,9.7,Under,BetMGM,100,13.5,3.8000000000000007,Yes,39.2%
Paolo Banchero,Points,29.3,Over,BetRivers,107,25.5,3.8000000000000007,Yes,13.0%
Kawhi Leonard,Points,8.7,Under,BetRivers,120,12.5,3.8000000000000007,Yes,43.7%
Isaiah Collier,Points Rebounds Assists,15.8,Under,DraftKings,-105,19.5,3.6999999999999993,Yes,23.4%
Keyonte George,Points,14.8,Under,BetRivers,110,18.5,3.6999999999999993,Yes,25.0%
Stephon Castle,Points Rebounds Assists,16.9,Under,BetOnline.ag,-105,20.5,3.6000000000000014,Yes,21.3%
Ochai Agbaji,Points,10.1,Over,FanDuel,-106,6.5,3.5999999999999996,Yes,35.6%
Jalen Brunson,Points Rebounds Assists,37.0,Under,BetOnline.ag,-108,40.5,3.5,Yes,9.5%
Naji Marshall,Points Rebounds Assists,18.099999999999998,Under,FanDuel,-104,21.5,3.400000000000002,Yes,18.8%
Isaiah Collier,Points,6.1,Under,FanDuel,-104,9.5,3.4000000000000004,Yes,55.7%
Michael Porter Jr,Points Rebounds Assists,25.8,Over,Bovada,-105,22.5,3.3000000000000007,Yes,12.8%
Jericho Sims,Points,1.2,Under,Caesars,-142,4.5,3.3,Yes,275.0%
Ochai Agbaji,Points Rebounds Assists,14.700000000000001,Over,BetOnline.ag,-108,11.5,3.200000000000001,Yes,21.8%
Jose Alvarado,Points,10.7,Over,FanDuel,-104,7.5,3.1999999999999993,Yes,29.9%
OG Anunoby,Points Rebounds Assists,19.4,Under,Caesars,116,22.5,3.1000000000000014,Yes,16.0%
Cody Williams,Points,5.4,Under,DraftKings,100,8.5,3.0999999999999996,Yes,57.4%
Davion Mitchell,Points Rebounds Assists,8.5,Under,BetMGM,-110,11.5,3.0,Yes,35.3%
Keon Johnson,Points Rebounds Assists,17.5,Under,Caesars,-103,20.5,3.0,Yes,17.1%
Derrick Jones,Points Rebounds Assists,12.5,Over,BetOnline.ag,-130,9.5,3.0,Yes,24.0%
Amir Coffey,Points,11.5,Over,FanDuel,-110,8.5,3.0,Yes,26.1%
Jalen Green,Points Rebounds Assists,33.400000000000006,Over,Bovada,-105,30.5,2.9000000000000057,Yes,8.7%
Santi Aldama,Points Rebounds Assists,18.400000000000002,Over,BetOnline.ag,113,15.5,2.900000000000002,Yes,15.8%
Al Horford,Points Rebounds Assists,15.4,Over,BetMGM,-115,12.5,2.9000000000000004,Yes,18.8%
Dillon Brooks,Points,10.6,Under,FanDuel,-104,13.5,2.9000000000000004,Yes,27.4%
Devin Vassell,Points Rebounds Assists,24.7,Under,Caesars,-109,27.5,2.8000000000000007,Yes,11.3%
Jalen Green,Points,26.3,Over,BetRivers,104,23.5,2.8000000000000007,Yes,10.6%
Nikola Jokic,Points Rebounds Assists,54.3,Over,DraftKings,-105,51.5,2.799999999999997,Yes,5.2%
Precious Achiuwa,Points,4.8,Under,FanDuel,100,7.5,2.7,Yes,56.3%
Vit Krejci,Points,8.8,Under,BetRivers,-104,11.5,2.6999999999999993,Yes,30.7%
Amen Thompson,Points Rebounds Assists,26.8,Under,BetOnline.ag,100,29.5,2.6999999999999993,Yes,10.1%
D'Angelo Russell,Points Rebounds Assists,20.9,Under,DraftKings,-115,23.5,2.6000000000000014,Yes,12.4%
Adem Bona,Points Rebounds Assists,4.8999999999999995,Under,Caesars,-117,7.5,2.6000000000000005,Yes,53.1%
Yves Missi,Points Rebounds Assists,15.9,Under,BetMGM,-105,18.5,2.5999999999999996,Yes,16.4%
Daniel Gafford,Rebounds,4.9,Under,BetMGM,135,7.5,2.5999999999999996,Yes,53.1%
Amir Coffey,Points Rebounds Assists,15.1,Over,BetMGM,-125,12.5,2.5999999999999996,Yes,17.2%
Josh Giddey,Points Rebounds Assists,25.900000000000002,Under,BetRivers,-104,28.5,2.599999999999998,Yes,10.0%
Eric Gordon,Points Rebounds Assists,10.0,Under,BetMGM,100,12.5,2.5,Yes,25.0%
Damian Lillard,Points Rebounds Assists,36.0,Over,FanDuel,-104,33.5,2.5,Yes,6.9%
Russell Westbrook,Points Rebounds Assists,30.0,Over,Caesars,-103,27.5,2.5,Yes,8.3%
Precious Achiuwa,Rebounds,4.1,Under,Caesars,100,6.5,2.4000000000000004,Yes,58.5%
Jericho Sims,Rebounds,3.1,Under,Bovada,130,5.5,2.4,Yes,77.4%
Jake LaRavia,Points Rebounds Assists,15.8,Over,Caesars,143,13.5,2.3000000000000007,Yes,14.6%
Tristan da Silva,Points Rebounds Assists,15.2,Under,BetMGM,-105,17.5,2.3000000000000007,Yes,15.1%
D'Angelo Russell,Points,12.2,Under,BetRivers,100,14.5,2.3000000000000007,Yes,18.9%
Dillon Brooks,Points Rebounds Assists,16.299999999999997,Under,BetOnline.ag,-105,18.5,2.200000000000003,Yes,13.5%
David Roddy,Rebounds,2.3,Under,FanDuel,-110,4.5,2.2,Yes,95.7%
Maxi Kleber,Points Rebounds Assists,8.3,Under,BetMGM,-130,10.5,2.1999999999999993,Yes,26.5%
Cole Anthony,Points,13.3,Under,Caesars,100,15.5,2.1999999999999993,Yes,16.5%
Mike Conley,Points Rebounds Assists,14.7,Over,DraftKings,-110,12.5,2.1999999999999993,Yes,15.0%
Austin Reaves,Points Rebounds Assists,28.300000000000004,Under,FanDuel,-106,30.5,2.1999999999999957,Yes,7.8%
Paul George,Points Rebounds Assists,29.4,Under,Bovada,-110,31.5,2.1000000000000014,Yes,7.1%
Zach LaVine,Points Rebounds Assists,38.6,Over,Caesars,-103,36.5,2.1000000000000014,Yes,5.4%
P.J. Washington,Points Rebounds Assists,24.6,Over,Bovada,-145,22.5,2.1000000000000014,Yes,8.5%
Quentin Grimes,Points Rebounds Assists,18.4,Under,BetMGM,-105,20.5,2.1000000000000014,Yes,11.4%
Brook Lopez,Points Rebounds Assists,19.6,Over,DraftKings,100,17.5,2.1000000000000014,Yes,10.7%
Christian Braun,Points Rebounds Assists,17.6,Over,BetMGM,100,15.5,2.1000000000000014,Yes,11.9%
Davion Mitchell,Points,3.4,Under,BetRivers,-109,5.5,2.1,Yes,61.8%
Eric Gordon,Points,7.4,Under,FanDuel,-112,9.5,2.0999999999999996,Yes,28.4%
Santi Aldama,Points,10.6,Over,BetMGM,100,8.5,2.0999999999999996,Yes,19.8%
Brice Sensabaugh,Points,13.4,Under,BetRivers,117,15.5,2.0999999999999996,Yes,15.7%
Mark Williams,Points Rebounds Assists,26.599999999999998,Over,BetOnline.ag,100,24.5,2.099999999999998,Yes,7.9%
Josh Giddey,Points,10.5,Under,BetRivers,104,12.5,2.0,Yes,19.0%
Russell Westbrook,Points,16.5,Over,BetOnline.ag,100,14.5,2.0,Yes,12.1%
Anthony Edwards,Points Rebounds Assists,38.5,Over,FanDuel,-106,36.5,2.0,Yes,5.2%
C.J. McCollum,Points Rebounds Assists,26.500000000000004,Under,FanDuel,-104,28.5,1.9999999999999964,Yes,7.5%
Mikal Bridges,Points,15.6,Under,BetRivers,107,17.5,1.9000000000000004,Yes,12.2%
Jake LaRavia,Points,8.4,Over,BetOnline.ag,-110,6.5,1.9000000000000004,Yes,22.6%
Max Christie,Points,11.4,Over,BetRivers,-114,9.5,1.9000000000000004,Yes,16.7%
OG Anunoby,Rebounds,3.6,Under,BetRivers,-124,5.5,1.9,Yes,52.8%
Dyson Daniels,Assists,3.6,Under,FanDuel,118,5.5,1.9,Yes,52.8%
Zach Edey,Points Rebounds Assists,14.600000000000001,Under,BetOnline.ag,-114,16.5,1.8999999999999986,Yes,13.0%
Fred VanVleet,Points Rebounds Assists,23.6,Under,FanDuel,-106,25.5,1.8999999999999986,Yes,8.1%
Jaren Jackson Jr,Points,24.3,Over,BetRivers,105,22.5,1.8000000000000007,Yes,7.4%
Julian Champagnie,Points Rebounds Assists,15.3,Over,BetOnline.ag,-130,13.5,1.8000000000000007,Yes,11.8%
Wendell Carter Jr,Points Rebounds Assists,16.7,Under,BetMGM,-115,18.5,1.8000000000000007,Yes,10.8%
Kyrie Irving,Assists,3.7,Under,Bovada,-165,5.5,1.7999999999999998,Yes,48.6%
Ja Morant,Rebounds,3.7,Under,BetRivers,-134,5.5,1.7999999999999998,Yes,48.6%
Chris Boucher,Points Rebounds Assists,17.200000000000003,Over,Bovada,105,15.5,1.7000000000000028,Yes,9.9%
Tre Jones,Points Rebounds Assists,9.799999999999999,Under,BetMGM,-110,11.5,1.700000000000001,Yes,17.3%
Cole Anthony,Assists,2.8,Under,FanDuel,122,4.5,1.7000000000000002,Yes,60.7%
Gradey Dick,Points Rebounds Assists,18.2,Over,BetOnline.ag,-109,16.5,1.6999999999999993,Yes,9.3%
Trayce Jackson-Davis,Points,8.8,Under,FanDuel,-108,10.5,1.6999999999999993,Yes,19.3%
Ivica Zubac,Points Rebounds Assists,31.2,Over,BetOnline.ag,-108,29.5,1.6999999999999993,Yes,5.4%
Victor Wembanyama,Points Rebounds Assists,39.800000000000004,Under,BetOnline.ag,100,41.5,1.6999999999999957,Yes,4.3%
Jalen Smith,Points Rebounds Assists,17.1,Over,BetOnline.ag,104,15.5,1.6000000000000014,Yes,9.4%
Kyrie Irving,Points,25.1,Over,Bovada,-135,23.5,1.6000000000000014,Yes,6.4%
Desmond Bane,Points,19.1,Over,FanDuel,-102,17.5,1.6000000000000014,Yes,8.4%
James Harden,Points Rebounds Assists,32.9,Under,Caesars,-103,34.5,1.6000000000000014,Yes,4.9%
Bogdan Bogdanovic,Rebounds,1.9,Under,FanDuel,106,3.5,1.6,Yes,84.2%
Chris Boucher,Points,12.1,Over,DraftKings,100,10.5,1.5999999999999996,Yes,13.2%
Jalen Smith,Points,10.1,Over,Caesars,100,8.5,1.5999999999999996,Yes,15.8%
Quentin Grimes,Points,10.9,Under,DraftKings,100,12.5,1.5999999999999996,Yes,14.7%
Giannis Antetokounmpo,Assists,7.1,Over,BetOnline.ag,118,5.5,1.5999999999999996,Yes,22.5%
Al Horford,Points,8.0,Over,BetRivers,114,6.5,1.5,Yes,18.8%
Coby White,Points Rebounds Assists,28.0,Over,BetRivers,-112,26.5,1.5,Yes,5.4%
Jaren Jackson Jr,Points Rebounds Assists,34.0,Over,Caesars,100,32.5,1.5,Yes,4.4%
Devin Vassell,Points,16.0,Under,BetRivers,117,17.5,1.5,Yes,9.4%
Tristan da Silva,Points,8.0,Under,BetRivers,115,9.5,1.5,Yes,18.8%
Amen Thompson,Points,14.0,Under,FanDuel,104,15.5,1.5,Yes,10.7%
Naz Reid,Points Rebounds Assists,21.900000000000002,Over,BetOnline.ag,-111,20.5,1.4000000000000021,Yes,6.4%
OG Anunoby,Points,14.1,Under,Caesars,104,15.5,1.4000000000000004,Yes,9.9%
Stephon Castle,Points,11.1,Under,BetRivers,114,12.5,1.4000000000000004,Yes,12.6%
Cam Whitmore,Points Rebounds Assists,14.1,Under,BetOnline.ag,-114,15.5,1.4000000000000004,Yes,9.9%
Christian Braun,Points,11.9,Over,Bovada,105,10.5,1.4000000000000004,Yes,11.8%
Kris Dunn,Points Rebounds Assists,10.1,Under,FanDuel,100,11.5,1.4000000000000004,Yes,13.9%
Derrick Jones,Points,8.9,Over,FanDuel,108,7.5,1.4000000000000004,Yes,15.7%
Terry Rozier,Points Rebounds Assists,19.1,Under,DraftKings,-105,20.5,1.3999999999999986,Yes,7.3%
Clint Capela,Points,9.2,Under,BetRivers,110,10.5,1.3000000000000007,Yes,14.1%
Onyeka Okongwu,Points Rebounds Assists,21.8,Over,Bovada,-120,20.5,1.3000000000000007,Yes,6.0%
Taurean Prince,Points Rebounds Assists,11.8,Over,BetOnline.ag,-120,10.5,1.3000000000000007,Yes,11.0%
Max Christie,Points Rebounds Assists,15.8,Over,Bovada,-115,14.5,1.3000000000000007,Yes,8.2%
Guerschon Yabusele,Rebounds,6.2,Under,BetRivers,-118,7.5,1.2999999999999998,Yes,21.0%
Al Horford,Rebounds,5.8,Over,DraftKings,-115,4.5,1.2999999999999998,Yes,22.4%
Vit Krejci,Rebounds,3.2,Under,FanDuel,-154,4.5,1.2999999999999998,Yes,40.6%
Julian Champagnie,Rebounds,3.8,Over,Caesars,-160,2.5,1.2999999999999998,Yes,34.2%
Josh Green,Rebounds,3.8,Over,Caesars,-154,2.5,1.2999999999999998,Yes,34.2%
Russell Westbrook,Rebounds,6.8,Over,DraftKings,-105,5.5,1.2999999999999998,Yes,19.1%
Mike Conley,Points,7.8,Over,Caesars,-109,6.5,1.2999999999999998,Yes,16.7%
Walker Kessler,Points Rebounds Assists,26.200000000000003,Under,Caesars,-117,27.5,1.2999999999999972,Yes,5.0%
Stephen Curry,Points Rebounds Assists,35.8,Over,Caesars,-109,34.5,1.2999999999999972,Yes,3.6%
Trey Murphy III,Points Rebounds Assists,32.7,Over,Bovada,105,31.5,1.2000000000000028,Yes,3.7%
Giannis Antetokounmpo,Points Rebounds Assists,48.7,Over,BetOnline.ag,-101,47.5,1.2000000000000028,Yes,2.5%
Adem Bona,Points,2.3,Under,Caesars,-109,3.5,1.2000000000000002,Yes,52.2%
Adem Bona,Rebounds,2.3,Under,Caesars,-117,3.5,1.2000000000000002,Yes,52.2%
Michael Porter Jr,Rebounds,6.7,Over,Bovada,105,5.5,1.2000000000000002,Yes,17.9%
Tyler Herro,Rebounds,6.7,Over,BetRivers,107,5.5,1.2000000000000002,Yes,17.9%
Paul George,Points,18.3,Under,BetRivers,100,19.5,1.1999999999999993,Yes,6.6%
Julian Champagnie,Points,10.7,Over,FanDuel,-105,9.5,1.1999999999999993,Yes,11.2%
Mark Williams,Points,14.7,Over,BetRivers,-110,13.5,1.1999999999999993,Yes,8.2%
Nikola Jokic,Rebounds,13.7,Over,BetMGM,-105,12.5,1.1999999999999993,Yes,8.8%
Austin Reaves,Points,17.3,Under,BetRivers,102,18.5,1.1999999999999993,Yes,6.9%
Alperen Sengun,Points Rebounds Assists,34.4,Under,FanDuel,-108,35.5,1.1000000000000014,Yes,3.2%
Noah Clowney,Points Rebounds Assists,18.4,Under,BetOnline.ag,-116,19.5,1.1000000000000014,Yes,6.0%
Miles McBride,Points,7.4,Under,FanDuel,-104,8.5,1.0999999999999996,Yes,14.9%
Clint Capela,Rebounds,8.4,Under,BetRivers,106,9.5,1.0999999999999996,Yes,13.1%
Victor Wembanyama,Rebounds,12.6,Over,FanDuel,-105,11.5,1.0999999999999996,Yes,8.7%
Kentavious Caldwell-Pope,Points Rebounds Assists,13.4,Under,Bovada,100,14.5,1.0999999999999996,Yes,8.2%
Kristaps Porzingis,Points Rebounds Assists,28.599999999999998,Over,Bovada,-110,27.5,1.0999999999999979,Yes,3.8%
Chris Paul,Points Rebounds Assists,23.599999999999998,Over,BetMGM,-105,22.5,1.0999999999999979,Yes,4.7%
Dennis Schroder,Points Rebounds Assists,19.599999999999998,Over,DraftKings,-120,18.5,1.0999999999999979,Yes,5.6%
Josh Hart,Points Rebounds Assists,30.5,Under,BetMGM,-105,31.5,1.0,Yes,3.3%
Payton Pritchard,Points Rebounds Assists,17.5,Under,Caesars,-121,18.5,1.0,Yes,5.7%
Jrue Holiday,Points Rebounds Assists,19.5,Over,FanDuel,-102,18.5,1.0,Yes,5.1%
Dyson Daniels,Rebounds,4.5,Under,BetOnline.ag,-114,5.5,1.0,Yes,22.2%
Coby White,Points,20.5,Over,BetRivers,120,19.5,1.0,Yes,4.9%
Patrick Williams,Points Rebounds Assists,13.5,Under,BetOnline.ag,-119,14.5,1.0,Yes,7.4%
Yves Missi,Rebounds,7.5,Under,FanDuel,-115,8.5,1.0,Yes,13.3%
Ja Morant,Points,21.5,Under,BetRivers,108,22.5,1.0,Yes,4.7%
Jaylen Wells,Points,11.5,Over,BetMGM,-120,10.5,1.0,Yes,8.7%
Brandon Clarke,Rebounds,4.5,Under,Bovada,-135,5.5,1.0,Yes,22.2%
Giannis Antetokounmpo,Rebounds,12.5,Over,FanDuel,-115,11.5,1.0,Yes,8.0%
Tristan da Silva,Rebounds,5.5,Over,DraftKings,-145,4.5,1.0,Yes,18.2%
Taurean Prince,Points,6.5,Over,DraftKings,100,5.5,1.0,Yes,15.4%
Josh Green,Points,6.5,Under,BetRivers,-157,7.5,1.0,Yes,15.4%
Nick Smith Jr,Points Rebounds Assists,9.5,Under,Caesars,-133,10.5,1.0,Yes,10.5%
Peyton Watson,Points Rebounds Assists,15.5,Over,BetOnline.ag,102,14.5,1.0,Yes,6.5%
Anthony Edwards,Points,27.5,Over,BetRivers,114,26.5,1.0,Yes,3.6%
Trayce Jackson-Davis,Rebounds,6.5,Under,DraftKings,114,7.5,1.0,Yes,15.4%
Draymond Green,Points Rebounds Assists,20.5,Over,Bovada,100,19.5,1.0,Yes,4.9%
Jaime Jaquez Jr,Rebounds,5.5,Over,Caesars,-166,4.5,1.0,Yes,18.2%
Dalton Knecht,Points,8.5,Over,Caesars,-113,7.5,1.0,Yes,11.8%
Keon Johnson,Points,11.5,Under,BetRivers,-105,12.5,1.0,Yes,8.7%
Noah Clowney,Points,12.5,Under,BetOnline.ag,-119,13.5,1.0,Yes,8.0%
Noah Clowney,Rebounds,4.5,Under,BetMGM,-145,5.5,1.0,Yes,22.2%
Ziaire Williams,Rebounds,5.5,Over,FanDuel,-144,4.5,1.0,Yes,18.2%
Norman Powell,Points Rebounds Assists,28.5,Over,BetOnline.ag,-122,27.5,1.0,Yes,3.5%
Ivica Zubac,Rebounds,13.5,Over,BetMGM,100,12.5,1.0,Yes,7.4%
Miles Bridges,Points Rebounds Assists,31.499999999999996,Over,BetOnline.ag,-110,30.5,0.9999999999999964,Yes,3.2%
Kelly Oubre Jr,Points Rebounds Assists,22.400000000000002,Over,BetMGM,-115,21.5,0.9000000000000021,Yes,4.0%
Miles McBride,Points Rebounds Assists,12.6,Under,DraftKings,-105,13.5,0.9000000000000004,Yes,7.1%
Jrue Holiday,Rebounds,4.4,Over,FanDuel,-142,3.5,0.9000000000000004,Yes,20.5%
Jrue Holiday,Assists,4.4,Over,FanDuel,-130,3.5,0.9000000000000004,Yes,20.5%
Dejounte Murray,Rebounds,6.4,Over,BetRivers,-143,5.5,0.9000000000000004,Yes,14.1%
Naji Marshall,Points,11.6,Under,BetRivers,112,12.5,0.9000000000000004,Yes,7.8%
Spencer Dinwiddie,Assists,4.6,Under,DraftKings,105,5.5,0.9000000000000004,Yes,19.6%
Desmond Bane,Assists,5.4,Over,BetOnline.ag,-161,4.5,0.9000000000000004,Yes,16.7%
Keldon Johnson,Rebounds,5.4,Over,FanDuel,-124,4.5,0.9000000000000004,Yes,16.7%
Zach Edey,Rebounds,6.6,Under,BetRivers,-103,7.5,0.9000000000000004,Yes,13.6%
Paolo Banchero,Rebounds,8.4,Over,FanDuel,124,7.5,0.9000000000000004,Yes,10.7%
Damian Lillard,Rebounds,4.4,Over,DraftKings,-115,3.5,0.9000000000000004,Yes,20.5%
Kentavious Caldwell-Pope,Points,9.4,Over,BetRivers,-167,8.5,0.9000000000000004,Yes,9.6%
Brook Lopez,Points,13.4,Over,BetRivers,110,12.5,0.9000000000000004,Yes,6.7%
Peyton Watson,Rebounds,4.4,Over,DraftKings,-145,3.5,0.9000000000000004,Yes,20.5%
Christian Braun,Rebounds,4.4,Over,BetMGM,-120,3.5,0.9000000000000004,Yes,20.5%
Nickeil Alexander-Walker,Points,7.4,Over,BetMGM,-115,6.5,0.9000000000000004,Yes,12.2%
Donte DiVincenzo,Rebounds,4.4,Over,FanDuel,-168,3.5,0.9000000000000004,Yes,20.5%
Buddy Hield,Points,12.4,Over,BetOnline.ag,100,11.5,0.9000000000000004,Yes,7.3%
Terry Rozier,Rebounds,4.4,Over,DraftKings,-130,3.5,0.9000000000000004,Yes,20.5%
Kris Dunn,Points,4.6,Under,Caesars,100,5.5,0.9000000000000004,Yes,19.6%
Ochai Agbaji,Assists,1.4,Over,BetMGM,-200,0.5,0.8999999999999999,Yes,64.3%
Maxi Kleber,Rebounds,2.6,Under,BetMGM,100,3.5,0.8999999999999999,Yes,34.6%
Andre Jackson Jr,Points,3.4,Over,BetMGM,-130,2.5,0.8999999999999999,Yes,26.5%
Scottie Barnes,Points,20.4,Over,BetRivers,-108,19.5,0.8999999999999986,Yes,4.4%
Dejounte Murray,Points Rebounds Assists,32.4,Over,Bovada,-105,31.5,0.8999999999999986,Yes,2.8%
Victor Wembanyama,Points,23.6,Under,BetRivers,115,24.5,0.8999999999999986,Yes,3.8%
LaMelo Ball,Points,28.4,Over,BetRivers,-136,27.5,0.8999999999999986,Yes,3.2%
Miles Bridges,Points,19.4,Over,BetRivers,-103,18.5,0.8999999999999986,Yes,4.6%
Nikola Jokic,Points,30.4,Over,FanDuel,-102,29.5,0.8999999999999986,Yes,3.0%
Andrew Wiggins,Points Rebounds Assists,23.4,Over,Bovada,-105,22.5,0.8999999999999986,Yes,3.8%
Kevin Porter Jr.,Points Rebounds Assists,16.4,Over,FanDuel,-102,15.5,0.8999999999999986,Yes,5.5%
Ziaire Williams,Points Rebounds Assists,18.6,Under,DraftKings,-110,19.5,0.8999999999999986,Yes,4.8%
Nikola Vucevic,Points Rebounds Assists,33.300000000000004,Over,BetOnline.ag,-118,32.5,0.8000000000000043,Yes,2.4%
Jalen Brunson,Points,26.7,Under,BetRivers,106,27.5,0.8000000000000007,Yes,3.0%
Cameron Payne,Points,8.3,Over,Caesars,112,7.5,0.8000000000000007,Yes,9.6%
Derrick White,Points Rebounds Assists,22.3,Over,BetRivers,-110,21.5,0.8000000000000007,Yes,3.6%
P.J. Washington,Rebounds,8.3,Over,Bovada,-110,7.5,0.8000000000000007,Yes,9.6%
Keldon Johnson,Points,13.3,Over,FanDuel,-102,12.5,0.8000000000000007,Yes,6.0%
Alperen Sengun,Rebounds,9.7,Under,DraftKings,-115,10.5,0.8000000000000007,Yes,8.2%
Stephen Curry,Points,24.3,Over,DraftKings,-110,23.5,0.8000000000000007,Yes,3.3%
Naz Reid,Points,14.3,Over,FanDuel,102,13.5,0.8000000000000007,Yes,5.6%
Rudy Gobert,Points Rebounds Assists,23.3,Over,DraftKings,-105,22.5,0.8000000000000007,Yes,3.4%
LeBron James,Points,24.3,Over,BetRivers,114,23.5,0.8000000000000007,Yes,3.3%
Jaime Jaquez Jr,Points,12.3,Over,BetRivers,-167,11.5,0.8000000000000007,Yes,6.5%
Haywood Highsmith,Points,8.3,Over,BetRivers,100,7.5,0.8000000000000007,Yes,9.6%
Haywood Highsmith,Points Rebounds Assists,14.3,Over,BetOnline.ag,-112,13.5,0.8000000000000007,Yes,5.6%
Ivica Zubac,Points,15.3,Over,BetRivers,102,14.5,0.8000000000000007,Yes,5.2%
Jalen Smith,Assists,1.3,Over,BetMGM,-155,0.5,0.8,Yes,61.5%
Tristan da Silva,Assists,1.7,Under,Caesars,-184,2.5,0.8,Yes,47.1%
Bogdan Bogdanovic,Assists,2.7,Under,BetRivers,118,3.5,0.7999999999999998,Yes,29.6%
Patrick Williams,Assists,2.3,Over,Caesars,-125,1.5,0.7999999999999998,Yes,34.8%
Trey Murphy III,Rebounds,5.3,Over,FanDuel,-154,4.5,0.7999999999999998,Yes,15.1%
Stephon Castle,Assists,3.7,Under,DraftKings,-135,4.5,0.7999999999999998,Yes,21.6%
Cole Anthony,Rebounds,3.7,Under,DraftKings,120,4.5,0.7999999999999998,Yes,21.6%
Wendell Carter Jr,Rebounds,5.7,Under,BetMGM,105,6.5,0.7999999999999998,Yes,14.0%
Andre Jackson Jr,Rebounds,3.3,Over,Caesars,-160,2.5,0.7999999999999998,Yes,24.2%
Cody Martin,Points,6.3,Over,FanDuel,-128,5.5,0.7999999999999998,Yes,12.7%
Cam Whitmore,Rebounds,2.7,Under,BetMGM,-115,3.5,0.7999999999999998,Yes,29.6%
Andrew Wiggins,Rebounds,4.3,Over,BetRivers,-159,3.5,0.7999999999999998,Yes,18.6%
Max Christie,Rebounds,2.7,Under,FanDuel,-140,3.5,0.7999999999999998,Yes,29.6%
Tyler Herro,Points Rebounds Assists,36.3,Over,DraftKings,-105,35.5,0.7999999999999972,Yes,2.2%
Guerschon Yabusele,Points Rebounds Assists,19.799999999999997,Under,BetOnline.ag,-112,20.5,0.7000000000000028,Yes,3.5%
Keldon Johnson,Points Rebounds Assists,20.200000000000003,Over,Bovada,-115,19.5,0.7000000000000028,Yes,3.5%
Jamal Murray,Points Rebounds Assists,29.200000000000003,Over,BetMGM,-105,28.5,0.7000000000000028,Yes,2.4%
Josh Hart,Assists,4.8,Under,BetMGM,-120,5.5,0.7000000000000002,Yes,14.6%
Scottie Barnes,Rebounds,7.8,Under,DraftKings,-140,8.5,0.7000000000000002,Yes,9.0%
Ochai Agbaji,Rebounds,3.2,Over,Caesars,-106,2.5,0.7000000000000002,Yes,21.9%
Josh Giddey,Assists,6.8,Under,Bovada,-125,7.5,0.7000000000000002,Yes,10.3%
Trey Murphy III,Assists,3.2,Over,FanDuel,-154,2.5,0.7000000000000002,Yes,21.9%
Naji Marshall,Rebounds,3.8,Under,FanDuel,114,4.5,0.7000000000000002,Yes,18.4%
Quentin Grimes,Assists,3.2,Over,DraftKings,-145,2.5,0.7000000000000002,Yes,21.9%
Jaren Jackson Jr,Rebounds,7.2,Over,FanDuel,-120,6.5,0.7000000000000002,Yes,9.7%
Devin Vassell,Rebounds,5.2,Over,FanDuel,126,4.5,0.7000000000000002,Yes,13.5%
Jake LaRavia,Rebounds,4.2,Over,BetOnline.ag,-133,3.5,0.7000000000000002,Yes,16.7%
Jake LaRavia,Assists,3.2,Over,Caesars,133,2.5,0.7000000000000002,Yes,21.9%
Tre Jones,Points,3.8,Under,Caesars,-129,4.5,0.7000000000000002,Yes,18.4%
Wendell Carter Jr,Assists,2.2,Over,Caesars,-174,1.5,0.7000000000000002,Yes,31.8%
Miles Bridges,Assists,4.2,Over,DraftKings,-130,3.5,0.7000000000000002,Yes,16.7%
Mark Williams,Assists,2.2,Over,BetMGM,100,1.5,0.7000000000000002,Yes,31.8%
Fred VanVleet,Rebounds,2.8,Under,FanDuel,-115,3.5,0.7000000000000002,Yes,25.0%
Aaron Gordon,Assists,2.2,Over,BetMGM,-145,1.5,0.7000000000000002,Yes,31.8%
Stephen Curry,Rebounds,6.2,Over,Bovada,115,5.5,0.7000000000000002,Yes,11.3%
Anthony Edwards,Assists,5.2,Over,Bovada,-135,4.5,0.7000000000000002,Yes,13.5%
Dennis Schroder,Assists,5.2,Over,FanDuel,-134,4.5,0.7000000000000002,Yes,13.5%
Rudy Gobert,Assists,2.2,Over,DraftKings,105,1.5,0.7000000000000002,Yes,31.8%
Amir Coffey,Assists,1.2,Over,BetMGM,-250,0.5,0.7,Yes,58.3%
Jakob Poeltl,Points,13.2,Over,FanDuel,-102,12.5,0.6999999999999993,Yes,5.3%
Jakob Poeltl,Rebounds,10.2,Over,FanDuel,-128,9.5,0.6999999999999993,Yes,6.9%
Jakob Poeltl,Points Rebounds Assists,26.2,Over,BetMGM,110,25.5,0.6999999999999993,Yes,2.7%
Kristaps Porzingis,Rebounds,8.2,Over,Bovada,110,7.5,0.6999999999999993,Yes,8.5%
Gradey Dick,Points,13.2,Over,BetRivers,108,12.5,0.6999999999999993,Yes,5.3%
Trey Murphy III,Points,24.2,Over,BetMGM,110,23.5,0.6999999999999993,Yes,2.9%
Klay Thompson,Points Rebounds Assists,18.8,Under,Bovada,-110,19.5,0.6999999999999993,Yes,3.7%
Wendell Carter Jr,Points,8.8,Under,DraftKings,100,9.5,0.6999999999999993,Yes,8.0%
Nikola Jokic,Assists,10.2,Over,Bovada,110,9.5,0.6999999999999993,Yes,6.9%
Rudy Gobert,Rebounds,11.2,Over,BetRivers,100,10.5,0.6999999999999993,Yes,6.2%
Terry Rozier,Points,11.8,Under,BetRivers,118,12.5,0.6999999999999993,Yes,5.9%
Nikola Jovic,Points,11.8,Under,FanDuel,-128,12.5,0.6999999999999993,Yes,5.9%
Rui Hachimura,Points Rebounds Assists,16.2,Over,Bovada,-130,15.5,0.6999999999999993,Yes,4.3%
Scottie Barnes,Points Rebounds Assists,34.1,Over,DraftKings,-115,33.5,0.6000000000000014,Yes,1.8%
Giannis Antetokounmpo,Points,29.1,Over,BetRivers,-148,28.5,0.6000000000000014,Yes,2.1%
Brandon Miller,Points,19.1,Over,BetRivers,-141,18.5,0.6000000000000014,Yes,3.1%
Alperen Sengun,Points,19.9,Under,BetRivers,102,20.5,0.6000000000000014,Yes,3.0%
Mikal Bridges,Rebounds,2.9,Under,DraftKings,-115,3.5,0.6000000000000001,Yes,20.7%
Miles McBride,Assists,3.1,Over,DraftKings,-110,2.5,0.6000000000000001,Yes,19.4%
Gradey Dick,Rebounds,3.1,Over,FanDuel,-134,2.5,0.6000000000000001,Yes,19.4%
Santi Aldama,Assists,2.1,Over,BetMGM,100,1.5,0.6000000000000001,Yes,28.6%
Kentavious Caldwell-Pope,Rebounds,1.9,Under,DraftKings,-145,2.5,0.6000000000000001,Yes,31.6%
Kentavious Caldwell-Pope,Assists,2.1,Over,BetOnline.ag,-192,1.5,0.6000000000000001,Yes,28.6%
Andre Jackson Jr,Assists,1.1,Over,BetMGM,-225,0.5,0.6000000000000001,Yes,54.5%
Cody Williams,Rebounds,1.9,Under,DraftKings,120,2.5,0.6000000000000001,Yes,31.6%
Nick Smith Jr,Rebounds,2.1,Over,Caesars,-166,1.5,0.6000000000000001,Yes,28.6%
Michael Porter Jr,Assists,2.1,Over,BetMGM,100,1.5,0.6000000000000001,Yes,28.6%
Mike Conley,Rebounds,3.1,Over,DraftKings,135,2.5,0.6000000000000001,Yes,19.4%
Terry Rozier,Assists,2.9,Under,BetMGM,-155,3.5,0.6000000000000001,Yes,20.7%
Haywood Highsmith,Assists,2.1,Over,Caesars,-148,1.5,0.6000000000000001,Yes,28.6%
Eric Gordon,Assists,0.9,Under,BetMGM,-135,1.5,0.6,Yes,66.7%
Kelly Oubre Jr,Rebounds,5.9,Under,BetMGM,-110,6.5,0.5999999999999996,Yes,10.2%
Derrick White,Points,15.1,Over,BetRivers,108,14.5,0.5999999999999996,Yes,4.0%
Patrick Williams,Points,7.9,Under,FanDuel,-105,8.5,0.5999999999999996,Yes,7.6%
Yves Missi,Points,6.9,Under,BetRivers,117,7.5,0.5999999999999996,Yes,8.7%
Paolo Banchero,Assists,5.1,Over,BetRivers,130,4.5,0.5999999999999996,Yes,11.8%
Khris Middleton,Points,11.1,Over,FanDuel,-120,10.5,0.5999999999999996,Yes,5.4%
Khris Middleton,Assists,4.1,Over,Caesars,-117,3.5,0.5999999999999996,Yes,14.6%
Jonathan Isaac,Points,7.9,Under,DraftKings,100,8.5,0.5999999999999996,Yes,7.6%
Brandon Miller,Assists,4.1,Over,FanDuel,-102,3.5,0.5999999999999996,Yes,14.6%
Dennis Schroder,Points,12.1,Over,FanDuel,100,11.5,0.5999999999999996,Yes,5.0%
Draymond Green,Points,9.1,Over,BetRivers,118,8.5,0.5999999999999996,Yes,6.6%
Nickeil Alexander-Walker,Points Rebounds Assists,13.1,Over,BetOnline.ag,-103,12.5,0.5999999999999996,Yes,4.6%
Jaden McDaniels,Points,10.1,Over,FanDuel,-128,9.5,0.5999999999999996,Yes,5.9%
Jaden McDaniels,Rebounds,5.1,Over,DraftKings,-120,4.5,0.5999999999999996,Yes,11.8%
Tyler Herro,Assists,4.9,Under,FanDuel,-118,5.5,0.5999999999999996,Yes,12.2%
Bam Adebayo,Assists,4.1,Over,BetRivers,-143,3.5,0.5999999999999996,Yes,14.6%
Harrison Barnes,Points Rebounds Assists,18.099999999999998,Over,BetOnline.ag,-123,17.5,0.5999999999999979,Yes,3.3%
Josh Hart,Rebounds,11.0,Under,BetRivers,-106,11.5,0.5,Yes,4.5%
Mikal Bridges,Assists,3.0,Over,BetOnline.ag,-116,2.5,0.5,Yes,16.7%
Payton Pritchard,Assists,3.0,Under,Bovada,-110,3.5,0.5,Yes,16.7%
Jaylen Brown,Points,21.0,Over,BetRivers,-165,20.5,0.5,Yes,2.4%
Jaylen Brown,Rebounds,6.0,Over,FanDuel,118,5.5,0.5,Yes,8.3%
Jaylen Brown,Assists,5.0,Over,BetOnline.ag,139,4.5,0.5,Yes,10.0%
Jaylen Brown,Points Rebounds Assists,32.0,Over,FanDuel,-111,31.5,0.5,Yes,1.6%
Jayson Tatum,Rebounds,9.0,Over,BetOnline.ag,-123,8.5,0.5,Yes,5.6%
Zach LaVine,Points,28.0,Over,Bovada,105,27.5,0.5,Yes,1.8%
Zach LaVine,Rebounds,6.0,Over,BetRivers,123,5.5,0.5,Yes,8.3%
Vit Krejci,Assists,3.0,Under,Bovada,-105,3.5,0.5,Yes,16.7%
Coby White,Rebounds,3.0,Under,Caesars,-133,3.5,0.5,Yes,16.7%
Onyeka Okongwu,Rebounds,9.0,Over,Bovada,120,8.5,0.5,Yes,5.6%
Dejounte Murray,Points,19.0,Over,BetRivers,102,18.5,0.5,Yes,2.6%
Dejounte Murray,Assists,7.0,Under,BetMGM,110,7.5,0.5,Yes,7.1%
P.J. Washington,Points,14.0,Over,Bovada,-135,13.5,0.5,Yes,3.6%
Spencer Dinwiddie,Rebounds,3.0,Under,BetOnline.ag,-123,3.5,0.5,Yes,16.7%
Jaylen Wells,Points Rebounds Assists,17.0,Over,Bovada,-110,16.5,0.5,Yes,2.9%
Harrison Barnes,Assists,2.0,Over,BetMGM,-105,1.5,0.5,Yes,25.0%
Brandon Clarke,Points Rebounds Assists,13.0,Under,Caesars,-109,13.5,0.5,Yes,3.8%
Damian Lillard,Points,25.0,Over,BetRivers,112,24.5,0.5,Yes,2.0%
Khris Middleton,Points Rebounds Assists,19.0,Over,DraftKings,-105,18.5,0.5,Yes,2.6%
Jonathan Isaac,Rebounds,6.0,Under,DraftKings,-130,6.5,0.5,Yes,8.3%
Taurean Prince,Assists,2.0,Over,BetMGM,105,1.5,0.5,Yes,25.0%
Isaiah Collier,Assists,6.0,Under,BetMGM,-125,6.5,0.5,Yes,8.3%
Brandon Miller,Rebounds,4.0,Under,BetMGM,-120,4.5,0.5,Yes,12.5%
Walker Kessler,Assists,1.0,Under,BetMGM,-140,1.5,0.5,Yes,50.0%
Nick Smith Jr,Assists,1.0,Under,BetMGM,-130,1.5,0.5,Yes,50.0%
Fred VanVleet,Assists,6.0,Under,Bovada,-105,6.5,0.5,Yes,8.3%
Jamal Murray,Rebounds,3.0,Under,BetMGM,-120,3.5,0.5,Yes,16.7%
Michael Porter Jr,Points,17.0,Over,BetRivers,120,16.5,0.5,Yes,2.9%
Cam Whitmore,Points,11.0,Over,BetMGM,-125,10.5,0.5,Yes,4.5%
Julius Randle,Points,18.0,Over,BetRivers,-143,17.5,0.5,Yes,2.8%
Julius Randle,Assists,4.0,Under,Bovada,105,4.5,0.5,Yes,12.5%
Donte DiVincenzo,Points,13.0,Over,BetMGM,-150,12.5,0.5,Yes,3.8%
Donte DiVincenzo,Points Rebounds Assists,21.0,Under,Bovada,100,21.5,0.5,Yes,2.4%
LeBron James,Points Rebounds Assists,40.0,Over,FanDuel,-104,39.5,0.5,Yes,1.2%
Bam Adebayo,Points,15.0,Over,BetRivers,-159,14.5,0.5,Yes,3.3%
Ziaire Williams,Assists,2.0,Over,DraftKings,-145,1.5,0.5,Yes,25.0%
Norman Powell,Points,23.0,Over,FanDuel,100,22.5,0.5,Yes,2.2%
Gabe Vincent,Points Rebounds Assists,7.000000000000001,Under,BetMGM,-120,7.5,0.4999999999999991,Yes,7.1%
Jalen Brunson,Assists,7.1,Under,DraftKings,105,7.5,0.40000000000000036,Yes,5.6%
Tyrese Maxey,Assists,6.9,Over,Caesars,108,6.5,0.40000000000000036,Yes,5.8%
Scottie Barnes,Assists,5.9,Over,Bovada,-120,5.5,0.40000000000000036,Yes,6.8%
Bobby Portis,Points,11.9,Over,FanDuel,-106,11.5,0.40000000000000036,Yes,3.4%
Miles Bridges,Rebounds,7.9,Over,FanDuel,106,7.5,0.40000000000000036,Yes,5.1%
Cody Martin,Rebounds,4.9,Over,Caesars,120,4.5,0.40000000000000036,Yes,8.2%
Aaron Gordon,Rebounds,4.9,Over,DraftKings,124,4.5,0.40000000000000036,Yes,8.2%
Naz Reid,Rebounds,5.9,Over,FanDuel,114,5.5,0.40000000000000036,Yes,6.8%
Rudy Gobert,Points,9.9,Over,FanDuel,-132,9.5,0.40000000000000036,Yes,4.0%
Anthony Davis,Rebounds,12.9,Over,DraftKings,-135,12.5,0.40000000000000036,Yes,3.1%
Nikola Jovic,Rebounds,4.9,Over,FanDuel,-128,4.5,0.40000000000000036,Yes,8.2%
James Harden,Rebounds,5.1,Under,FanDuel,-110,5.5,0.40000000000000036,Yes,7.8%
James Harden,Assists,7.9,Over,DraftKings,-145,7.5,0.40000000000000036,Yes,5.1%
Ziaire Williams,Points,11.1,Under,BetRivers,118,11.5,0.40000000000000036,Yes,3.6%
Jalen Wilson,Points,8.1,Under,BetRivers,105,8.5,0.40000000000000036,Yes,4.9%
Miles McBride,Rebounds,2.1,Under,BetMGM,105,2.5,0.3999999999999999,Yes,19.0%
Cameron Payne,Assists,2.1,Under,BetMGM,-150,2.5,0.3999999999999999,Yes,19.0%
Guerschon Yabusele,Assists,1.9,Over,BetOnline.ag,-172,1.5,0.3999999999999999,Yes,21.1%
Payton Pritchard,Rebounds,2.9,Over,BetOnline.ag,-159,2.5,0.3999999999999999,Yes,13.8%
Gradey Dick,Assists,1.9,Over,BetMGM,115,1.5,0.3999999999999999,Yes,21.1%
Nikola Vucevic,Assists,3.1,Under,BetRivers,-152,3.5,0.3999999999999999,Yes,12.9%
Clint Capela,Assists,1.1,Under,Caesars,-117,1.5,0.3999999999999999,Yes,36.4%
Klay Thompson,Assists,2.1,Under,DraftKings,-105,2.5,0.3999999999999999,Yes,19.0%
Daniel Gafford,Assists,1.1,Under,BetMGM,125,1.5,0.3999999999999999,Yes,36.4%
Stephon Castle,Rebounds,2.1,Under,BetOnline.ag,128,2.5,0.3999999999999999,Yes,19.0%
Jaylen Wells,Rebounds,3.9,Over,FanDuel,-128,3.5,0.3999999999999999,Yes,10.3%
Josh Green,Assists,1.1,Under,Caesars,-133,1.5,0.3999999999999999,Yes,36.4%
Dillon Brooks,Assists,1.9,Over,BetMGM,-120,1.5,0.3999999999999999,Yes,21.1%
Trayce Jackson-Davis,Assists,2.1,Under,BetMGM,100,2.5,0.3999999999999999,Yes,19.0%
Nickeil Alexander-Walker,Assists,2.9,Over,DraftKings,114,2.5,0.3999999999999999,Yes,13.8%
Jaden McDaniels,Assists,1.1,Under,Caesars,-148,1.5,0.3999999999999999,Yes,36.4%
Jaime Jaquez Jr,Assists,3.9,Over,FanDuel,-110,3.5,0.3999999999999999,Yes,10.3%
Haywood Highsmith,Rebounds,3.9,Over,BetRivers,-130,3.5,0.3999999999999999,Yes,10.3%
Kevin Porter Jr.,Rebounds,2.9,Over,FanDuel,-154,2.5,0.3999999999999999,Yes,13.8%
Derrick Jones,Rebounds,2.9,Over,BetMGM,105,2.5,0.3999999999999999,Yes,13.8%
Kristaps Porzingis,Points,18.9,Over,FanDuel,-112,18.5,0.3999999999999986,Yes,2.1%
Andrew Wiggins,Points,16.9,Over,BetRivers,102,16.5,0.3999999999999986,Yes,2.4%
James Harden,Points,19.9,Over,BetRivers,-155,19.5,0.3999999999999986,Yes,2.0%
Anthony Davis,Points Rebounds Assists,41.800000000000004,Over,Caesars,-103,41.5,0.30000000000000426,Yes,0.7%
Kelly Oubre Jr,Points,14.8,Over,BetRivers,106,14.5,0.3000000000000007,Yes,2.0%
Jayson Tatum,Points,26.8,Over,FanDuel,-104,26.5,0.3000000000000007,Yes,1.1%
Nikola Vucevic,Points,19.8,Over,BetRivers,100,19.5,0.3000000000000007,Yes,1.5%
Walker Kessler,Rebounds,12.8,Over,Bovada,120,12.5,0.3000000000000007,Yes,2.3%
Fred VanVleet,Points,14.8,Over,BetRivers,-143,14.5,0.3000000000000007,Yes,2.0%
Jamal Murray,Points,20.8,Over,BetRivers,110,20.5,0.3000000000000007,Yes,1.4%
Precious Achiuwa,Assists,0.8,Over,BetMGM,-160,0.5,0.30000000000000004,Yes,37.5%
Julian Champagnie,Assists,0.8,Over,BetMGM,-160,0.5,0.30000000000000004,Yes,37.5%
Brandon Clarke,Assists,0.8,Over,BetMGM,-190,0.5,0.30000000000000004,Yes,37.5%
Zach Edey,Assists,0.8,Over,Caesars,-160,0.5,0.30000000000000004,Yes,37.5%
Brook Lopez,Assists,1.8,Over,BetMGM,170,1.5,0.30000000000000004,Yes,16.7%
Gabe Vincent,Assists,1.2,Under,BetMGM,-225,1.5,0.30000000000000004,Yes,25.0%
Jalen Brunson,Rebounds,3.2,Under,FanDuel,106,3.5,0.2999999999999998,Yes,9.4%
Tyrese Maxey,Rebounds,3.2,Under,DraftKings,120,3.5,0.2999999999999998,Yes,9.4%
Jakob Poeltl,Assists,2.8,Over,BetOnline.ag,110,2.5,0.2999999999999998,Yes,10.7%
Maxi Kleber,Points,4.2,Under,BetMGM,-105,4.5,0.2999999999999998,Yes,7.1%
Chris Paul,Rebounds,4.2,Under,DraftKings,-135,4.5,0.2999999999999998,Yes,7.1%
Desmond Bane,Rebounds,5.2,Under,BetRivers,-110,5.5,0.2999999999999998,Yes,5.8%
Zach Edey,Points,7.2,Under,BetRivers,115,7.5,0.2999999999999998,Yes,4.2%
Khris Middleton,Rebounds,3.8,Over,DraftKings,-105,3.5,0.2999999999999998,Yes,7.9%
Bobby Portis,Rebounds,7.8,Over,FanDuel,110,7.5,0.2999999999999998,Yes,3.8%
Brice Sensabaugh,Rebounds,3.2,Under,DraftKings,124,3.5,0.2999999999999998,Yes,9.4%
Alperen Sengun,Assists,4.8,Over,FanDuel,-160,4.5,0.2999999999999998,Yes,6.2%
Dillon Brooks,Rebounds,3.8,Over,FanDuel,-130,3.5,0.2999999999999998,Yes,7.9%
Anthony Edwards,Rebounds,5.8,Over,FanDuel,-118,5.5,0.2999999999999998,Yes,5.2%
Mike Conley,Assists,3.8,Over,DraftKings,100,3.5,0.2999999999999998,Yes,7.9%
Draymond Green,Rebounds,5.8,Over,FanDuel,-142,5.5,0.2999999999999998,Yes,5.2%
Nickeil Alexander-Walker,Rebounds,2.8,Over,DraftKings,-105,2.5,0.2999999999999998,Yes,10.7%
Andrew Wiggins,Assists,2.2,Under,Caesars,-184,2.5,0.2999999999999998,Yes,13.6%
Anthony Davis,Assists,3.2,Under,FanDuel,-120,3.5,0.2999999999999998,Yes,9.4%
LeBron James,Rebounds,7.2,Under,BetRivers,-104,7.5,0.2999999999999998,Yes,4.2%
Rui Hachimura,Rebounds,4.2,Under,DraftKings,120,4.5,0.2999999999999998,Yes,7.1%
Kel'el Ware,Points,7.8,Over,FanDuel,106,7.5,0.2999999999999998,Yes,3.8%
Kel'el Ware,Rebounds,4.8,Over,FanDuel,-118,4.5,0.2999999999999998,Yes,6.2%
Gabe Vincent,Points,4.2,Under,BetMGM,-105,4.5,0.2999999999999998,Yes,7.1%
Kevin Porter Jr.,Assists,3.8,Over,FanDuel,118,3.5,0.2999999999999998,Yes,7.9%
Kris Dunn,Assists,2.8,Over,FanDuel,-102,2.5,0.2999999999999998,Yes,10.7%
Norman Powell,Rebounds,3.8,Over,FanDuel,106,3.5,0.2999999999999998,Yes,7.9%
Andre Jackson Jr,Points Rebounds Assists,7.799999999999999,Over,BetMGM,100,7.5,0.29999999999999893,Yes,3.8%
Brandon Miller,Points Rebounds Assists,27.200000000000003,Under,BetOnline.ag,-119,27.5,0.29999999999999716,Yes,1.1%
Tyrese Maxey,Points Rebounds Assists,36.7,Over,BetOnline.ag,-116,36.5,0.20000000000000284,Yes,0.5%
Jayson Tatum,Points Rebounds Assists,40.3,Under,DraftKings,-110,40.5,0.20000000000000284,Yes,0.5%
Desmond Bane,Points Rebounds Assists,29.700000000000003,Over,BetMGM,105,29.5,0.20000000000000284,Yes,0.7%
Bam Adebayo,Points Rebounds Assists,28.700000000000003,Over,BetRivers,-129,28.5,0.20000000000000284,Yes,0.7%
Cameron Payne,Points Rebounds Assists,11.700000000000001,Over,Caesars,112,11.5,0.20000000000000107,Yes,1.7%
Derrick White,Rebounds,3.7,Over,FanDuel,-105,3.5,0.20000000000000018,Yes,5.4%
Patrick Williams,Rebounds,3.3,Under,FanDuel,-102,3.5,0.20000000000000018,Yes,6.1%
Jalen Smith,Rebounds,5.7,Over,FanDuel,-118,5.5,0.20000000000000018,Yes,3.5%
C.J. McCollum,Rebounds,3.3,Under,FanDuel,-102,3.5,0.20000000000000018,Yes,6.1%
Naji Marshall,Assists,2.7,Over,BetRivers,-175,2.5,0.20000000000000018,Yes,7.4%
Klay Thompson,Rebounds,3.3,Under,BetMGM,-105,3.5,0.20000000000000018,Yes,6.1%
P.J. Washington,Assists,2.3,Under,DraftKings,-135,2.5,0.20000000000000018,Yes,8.7%
Quentin Grimes,Rebounds,4.3,Under,BetOnline.ag,-118,4.5,0.20000000000000018,Yes,4.7%
Santi Aldama,Rebounds,5.7,Over,BetMGM,145,5.5,0.20000000000000018,Yes,3.5%
Brandon Clarke,Points,7.7,Over,BetMGM,-105,7.5,0.20000000000000018,Yes,2.6%
Taurean Prince,Rebounds,3.3,Under,BetMGM,-125,3.5,0.20000000000000018,Yes,6.1%
LaMelo Ball,Rebounds,5.7,Over,FanDuel,128,5.5,0.20000000000000018,Yes,3.5%
LaMelo Ball,Assists,7.3,Under,BetMGM,125,7.5,0.20000000000000018,Yes,2.7%
Isaiah Collier,Rebounds,3.7,Over,FanDuel,110,3.5,0.20000000000000018,Yes,5.4%
Amen Thompson,Assists,3.3,Under,BetOnline.ag,-132,3.5,0.20000000000000018,Yes,6.1%
Jalen Green,Assists,2.7,Over,BetMGM,-130,2.5,0.20000000000000018,Yes,7.4%
Russell Westbrook,Assists,6.7,Over,Caesars,-109,6.5,0.20000000000000018,Yes,3.0%
Stephen Curry,Assists,5.3,Under,FanDuel,-122,5.5,0.20000000000000018,Yes,3.8%
Dennis Schroder,Rebounds,2.3,Under,BetRivers,-118,2.5,0.20000000000000018,Yes,8.7%
D'Angelo Russell,Assists,6.3,Under,BetOnline.ag,-130,6.5,0.20000000000000018,Yes,3.2%
Keon Johnson,Rebounds,3.3,Under,BetRivers,125,3.5,0.20000000000000018,Yes,6.1%
Keon Johnson,Assists,2.7,Over,BetOnline.ag,-175,2.5,0.20000000000000018,Yes,7.4%
Kris Dunn,Rebounds,2.7,Over,BetRivers,-141,2.5,0.20000000000000018,Yes,7.4%
Kawhi Leonard,Rebounds,3.3,Under,FanDuel,-102,3.5,0.20000000000000018,Yes,6.1%
Cameron Payne,Rebounds,1.3,Under,Caesars,-106,1.5,0.19999999999999996,Yes,15.4%
OG Anunoby,Assists,1.7,Over,BetMGM,-105,1.5,0.19999999999999996,Yes,11.8%
Kelly Oubre Jr,Assists,1.7,Over,BetMGM,-105,1.5,0.19999999999999996,Yes,11.8%
Eric Gordon,Rebounds,1.7,Over,BetMGM,-200,1.5,0.19999999999999996,Yes,11.8%
Davion Mitchell,Rebounds,1.7,Over,BetOnline.ag,-139,1.5,0.19999999999999996,Yes,11.8%
Christian Braun,Assists,1.3,Under,BetMGM,-115,1.5,0.19999999999999996,Yes,15.4%
Naz Reid,Assists,1.7,Over,BetMGM,105,1.5,0.19999999999999996,Yes,11.8%
Max Christie,Assists,1.7,Over,Caesars,-125,1.5,0.19999999999999996,Yes,11.8%
Dalton Knecht,Assists,0.7,Over,BetMGM,-160,0.5,0.19999999999999996,Yes,28.6%
Derrick Jones,Assists,0.7,Over,BetMGM,-105,0.5,0.19999999999999996,Yes,28.6%
Norman Powell,Assists,1.7,Over,Caesars,-142,1.5,0.19999999999999996,Yes,11.8%
Kawhi Leonard,Assists,1.3,Under,Caesars,104,1.5,0.19999999999999996,Yes,15.4%
Josh Hart,Points,14.7,Over,FanDuel,-102,14.5,0.1999999999999993,Yes,1.4%
Guerschon Yabusele,Points,11.7,Over,BetOnline.ag,-116,11.5,0.1999999999999993,Yes,1.7%
Jrue Holiday,Points,10.7,Over,FanDuel,102,10.5,0.1999999999999993,Yes,1.9%
Chris Paul,Points,10.7,Over,BetRivers,104,10.5,0.1999999999999993,Yes,1.9%
Chris Paul,Assists,8.7,Over,FanDuel,114,8.5,0.1999999999999993,Yes,2.3%
Harrison Barnes,Points,12.7,Over,BetRivers,104,12.5,0.1999999999999993,Yes,1.6%
Mark Williams,Rebounds,9.7,Over,Bovada,-125,9.5,0.1999999999999993,Yes,2.1%
Jaden McDaniels,Points Rebounds Assists,16.3,Under,BetOnline.ag,-118,16.5,0.1999999999999993,Yes,1.2%
Anthony Davis,Points,25.7,Over,BetRivers,100,25.5,0.1999999999999993,Yes,0.8%
Tyler Herro,Points,24.7,Over,FanDuel,100,24.5,0.1999999999999993,Yes,0.8%
Jaime Jaquez Jr,Points Rebounds Assists,21.7,Over,BetRivers,-124,21.5,0.1999999999999993,Yes,0.9%
Dalton Knecht,Points Rebounds Assists,11.7,Over,BetOnline.ag,-114,11.5,0.1999999999999993,Yes,1.7%
Kevin Porter Jr.,Points,9.7,Over,DraftKings,100,9.5,0.1999999999999993,Yes,2.1%
Kyrie Irving,Points Rebounds Assists,33.300000000000004,Under,Bovada,-105,33.5,0.19999999999999574,Yes,0.6%
Tyrese Maxey,Points,26.6,Over,FanDuel,-108,26.5,0.10000000000000142,Yes,0.4%
C.J. McCollum,Points,19.6,Over,BetRivers,-155,19.5,0.10000000000000142,Yes,0.5%
LaMelo Ball,Points Rebounds Assists,41.4,Under,DraftKings,-105,41.5,0.10000000000000142,Yes,0.2%
Julius Randle,Points Rebounds Assists,29.6,Over,FanDuel,-122,29.5,0.10000000000000142,Yes,0.3%
Davion Mitchell,Assists,3.4,Under,BetRivers,-104,3.5,0.10000000000000009,Yes,2.9%
Al Horford,Assists,1.6,Over,BetMGM,120,1.5,0.10000000000000009,Yes,6.3%
C.J. McCollum,Assists,3.6,Over,FanDuel,-142,3.5,0.10000000000000009,Yes,2.8%
Victor Wembanyama,Assists,3.6,Over,Bovada,-120,3.5,0.10000000000000009,Yes,2.8%
Tre Jones,Rebounds,2.4,Under,BetMGM,-135,2.5,0.10000000000000009,Yes,4.2%
Tre Jones,Assists,3.6,Over,BetOnline.ag,-130,3.5,0.10000000000000009,Yes,2.8%
Jaylen Wells,Assists,1.6,Over,BetMGM,105,1.5,0.10000000000000009,Yes,6.3%
Harrison Barnes,Rebounds,3.4,Under,BetRivers,130,3.5,0.10000000000000009,Yes,2.9%
Keyonte George,Rebounds,3.4,Under,FanDuel,-134,3.5,0.10000000000000009,Yes,2.9%
Brice Sensabaugh,Assists,1.4,Under,BetMGM,105,1.5,0.10000000000000009,Yes,7.1%
Cody Williams,Assists,1.4,Under,BetMGM,105,1.5,0.10000000000000009,Yes,7.1%
Cody Martin,Assists,2.4,Under,BetOnline.ag,-130,2.5,0.10000000000000009,Yes,4.2%
Donte DiVincenzo,Assists,3.6,Over,BetOnline.ag,-135,3.5,0.10000000000000009,Yes,2.8%
Rui Hachimura,Assists,1.4,Under,Caesars,-214,1.5,0.10000000000000009,Yes,7.1%
Gabe Vincent,Rebounds,1.6,Over,Caesars,108,1.5,0.10000000000000009,Yes,6.3%
D'Angelo Russell,Rebounds,2.4,Under,BetOnline.ag,-133,2.5,0.10000000000000009,Yes,4.2%
Noah Clowney,Assists,1.4,Under,BetMGM,-120,1.5,0.10000000000000009,Yes,7.1%
Amir Coffey,Rebounds,2.4,Under,BetOnline.ag,-110,2.5,0.10000000000000009,Yes,4.2%
Ivica Zubac,Assists,2.4,Under,DraftKings,-145,2.5,0.10000000000000009,Yes,4.2%
Jericho Sims,Assists,0.6,Over,BetMGM,-155,0.5,0.09999999999999998,Yes,16.7%
Chris Boucher,Assists,0.6,Over,BetMGM,-125,0.5,0.09999999999999998,Yes,16.7%
Cam Whitmore,Assists,0.4,Under,BetMGM,120,0.5,0.09999999999999998,Yes,25.0%
Paul George,Rebounds,6.6,Over,DraftKings,-105,6.5,0.09999999999999964,Yes,1.5%
Payton Pritchard,Points,11.6,Over,FanDuel,-105,11.5,0.09999999999999964,Yes,0.9%
Nikola Vucevic,Rebounds,10.4,Under,DraftKings,105,10.5,0.09999999999999964,Yes,1.0%
Zach LaVine,Assists,4.6,Over,BetMGM,110,4.5,0.09999999999999964,Yes,2.2%
Josh Giddey,Rebounds,8.6,Over,FanDuel,110,8.5,0.09999999999999964,Yes,1.2%
Onyeka Okongwu,Points,10.6,Over,Bovada,-145,10.5,0.09999999999999964,Yes,0.9%
Klay Thompson,Points,13.4,Under,Bovada,110,13.5,0.09999999999999964,Yes,0.7%
Ja Morant,Assists,6.4,Under,BetOnline.ag,128,6.5,0.09999999999999964,Yes,1.6%
Damian Lillard,Assists,6.6,Over,DraftKings,124,6.5,0.09999999999999964,Yes,1.5%
Brook Lopez,Rebounds,4.4,Under,BetRivers,110,4.5,0.09999999999999964,Yes,2.3%
Keyonte George,Assists,5.4,Under,FanDuel,-108,5.5,0.09999999999999964,Yes,1.9%
Walker Kessler,Points,12.4,Under,BetRivers,115,12.5,0.09999999999999964,Yes,0.8%
Cody Martin,Points Rebounds Assists,13.6,Over,BetMGM,105,13.5,0.09999999999999964,Yes,0.7%
Josh Green,Points Rebounds Assists,11.4,Under,BetOnline.ag,-130,11.5,0.09999999999999964,Yes,0.9%
Nick Smith Jr,Points,6.4,Under,Caesars,-117,6.5,0.09999999999999964,Yes,1.6%
Svi Mykhailiuk,Points,10.4,Under,FanDuel,-105,10.5,0.09999999999999964,Yes,1.0%
Jamal Murray,Assists,5.4,Under,Bovada,-125,5.5,0.09999999999999964,Yes,1.9%
Jalen Green,Rebounds,4.4,Under,BetMGM,-120,4.5,0.09999999999999964,Yes,2.3%
Peyton Watson,Points,9.6,Over,BetMGM,105,9.5,0.09999999999999964,Yes,1.0%
Julius Randle,Rebounds,7.6,Over,DraftKings,114,7.5,0.09999999999999964,Yes,1.3%
Draymond Green,Assists,5.6,Over,BetOnline.ag,120,5.5,0.09999999999999964,Yes,1.8%
Bam Adebayo,Rebounds,9.6,Over,BetMGM,110,9.5,0.09999999999999964,Yes,1.0%
Austin Reaves,Rebounds,4.4,Under,FanDuel,-124,4.5,0.09999999999999964,Yes,2.3%
Austin Reaves,Assists,6.6,Over,FanDuel,-120,6.5,0.09999999999999964,Yes,1.5%
Rui Hachimura,Points,10.6,Over,BetRivers,100,10.5,0.09999999999999964,Yes,0.9%
Paul George,Assists,4.5,N/A,N/A,N/A,N/A,N/A,No,N/A
Derrick White,Assists,3.5,N/A,N/A,N/A,N/A,N/A,No,N/A
Jayson Tatum,Assists,4.5,N/A,N/A,N/A,N/A,N/A,No,N/A
Kristaps Porzingis,Assists,1.5,N/A,N/A,N/A,N/A,N/A,No,N/A
Chris Boucher,Rebounds,4.5,N/A,N/A,N/A,N/A,N/A,No,N/A
Coby White,Assists,4.5,N/A,N/A,N/A,N/A,N/A,No,N/A
Yves Missi,Assists,1.5,N/A,N/A,N/A,N/A,N/A,No,N/A
Maxi Kleber,Assists,1.5,N/A,N/A,N/A,N/A,N/A,No,N/A
Jaren Jackson Jr,Assists,2.5,N/A,N/A,N/A,N/A,N/A,No,N/A
Devin Vassell,Assists,3.5,N/A,N/A,N/A,N/A,N/A,No,N/A
Keldon Johnson,Assists,1.5,N/A,N/A,N/A,N/A,N/A,No,N/A
Amen Thompson,Rebounds,9.5,N/A,N/A,N/A,N/A,N/A,No,N/A
Peyton Watson,Assists,1.5,N/A,N/A,N/A,N/A,N/A,No,N/A
LeBron James,Assists,8.5,N/A,N/A,N/A,N/A,N/A,No,N/A
Dalton Knecht,Rebounds,2.5,N/A,N/A,N/A,N/A,N/A,No,N/A
